iterations,fitness,time,fevals
0,69.0,1.59289999999e-05,11
10,69.0,4.49420000024e-05,21
20,70.0,7.33860000111e-05,31
30,69.0,9.84170000038e-05,41
40,75.0,0.000121172000007,51
50,77.0,0.000154736000013,61
60,78.0,0.00018204200002,71
70,78.0,0.000207074000016,81
80,79.0,0.000232674000017,91
90,79.0,0.000258274000018,101
100,80.0,0.000283305000025,111
110,81.0,0.000311181000029,121
120,81.0,0.000340194000032,131
130,81.0,0.000365794000032,141
